{
    "Anguilla": 2503.230699999999,
    "Albania": 410.41540000000003,
    "American Samoa": 536.0113636363637,
    "Austria": 2523.6256000000008,
    "Burundi": 344.18309999999997,
    "Belgium": 2905.5591,
    "Benin": 195.66789999999995,
    "Bonaire, Sint Eustatius and Saba": 2503.230699999999,
    "Bangladesh": 2863.1419,
    "Bahrain": 532.9929900000001,
    "Brazil": 29631.776700000006,
    "Barbados": 154.7735,
    "Bouvet Island": 2503.230699999999,
    "Central African Republic": 433.0426000000001,
    "Cocos (Keeling) Islands": 536.0113636363637,
    "Chile": 3456.2591,
    "China": 280220.19080000004,
    "Congo": 252.2634,
    "Cook Islands": 33.397999999999996,
    "Comoros": 536.0113636363637,
    "Christmas Island": 2503.230699999999,
    "Cyprus": 216.58389999999997,
    "Czechia": 12075.274300000001,
    "Germany": 16513.829899999997,
    "Dominica": 697.9422000000001,
    "Denmark": 3143.667499999999,
    "Dominican Republic": 697.9422000000001,
    "Algeria": 7555.338600000001,
    "Ecuador": 225.59309090909096,
    "Western Sahara": 536.0113636363637,
    "Spain": 7555.338600000001,
    "Finland": 1323.7328000000002,
    "Faroe Islands": 1802.7691000000002,
    "United Kingdom": 14609.964800000002,
    "Georgia": 315.8556,
    "Gambia": 315.8556,
    "Guinea-Bissau": 195.66789999999995,
    "Equatorial Guinea": 252.2634,
    "Heard Island and McDonald Islands": 573.7215999999997,
    "Croatia": 1336.8014000000005,
    "Hungary": 3206.056199999999,
    "India": 710.4579000000001,
    "British Indian Ocean Territory": 14609.964800000002,
    "Iraq": 409.38560000000007,
    "Israel": 14257.143500000002,
    "Italy": 2587.3664999999996,
    "Jamaica": 399.29560000000004,
    "Jordan": 409.38560000000007,
    "Kazakhstan": 2416.5221,
    "Kyrgyzstan": 69.5816,
    "Kiribati": 2503.230699999999,
    "Korea, Republic of": 39664.056599999996,
    "Lebanon": 1802.7691000000002,
    "Saint Lucia": 1802.7691000000002,
    "Lesotho": 1802.7691000000002,
    "Latvia": 467.26349999999996,
    "Mexico": 16075.8083,
    "Montenegro": 244.26670000000001,
    "Mongolia": 344.3362000000001,
    "Mozambique": 433.0426000000001,
    "Mauritania": 2503.230699999999,
    "Norfolk Island": 536.0113636363637,
    "Netherlands": 4731.626400000001,
    "Oman": 882.6927,
    "Panama": 536.0113636363637,
    "Palau": 2332.9471000000003,
    "Portugal": 2545.4942,
    "Palestine, State of": 14257.143500000002,
    "Russian Federation": 42348.0665,
    "Saudi Arabia": 29923.177300000003,
    "Sudan": 2332.9471000000003,
    "Singapore": 26626.0132,
    "South Georgia and the South Sandwich Islands": 315.8556,
    "Solomon Islands": 1802.7691000000002,
    "El Salvador": 89.14009090909093,
    "South Sudan": 2332.9471000000003,
    "Sao Tome and Principe": 2503.230699999999,
    "Slovakia": 377.02900000000005,
    "Slovenia": 192.15579999999997,
    "Syrian Arab Republic": 29923.177300000003,
    "Chad": 710.4579000000001,
    "Timor-Leste": 3250.2798,
    "Tonga": 315.8556,
    "Uzbekistan": 1082.1258000000003,
    "Virgin Islands, British": 14609.964800000002,
    "Viet Nam": 7897.6577,
    "Vanuatu": 2503.230699999999,
    "Samoa": 2332.9471000000003,
    "Yemen": 29923.177300000003,
    "Zimbabwe": 433.0426000000001
}